purchase_id,lastname,purchase_date,stars,price,favorite_flower
1000,PERKINS,2017-04-08,5,19.599885954165785,iris
1001,ROBINSON,2017-01-01,5,37.98390361682093,
1002,WILLIAMSON,2017-03-20,4,19.339137911467354,carnation
1003,ROBINSON,2017-04-12,5,18.140615754070392,lilac
1004,RHODES,2017-03-24,1,22.179522083926244,carnation
1005,NGUYEN,2017-01-03,3,9.713732775024482,gerbera
1006,ROBINSON,2017-08-20,2,18.90743325165465,
1007,GRAVES,2017-02-26,5,9.912851749826816,gerbera
1008,RODRIQUEZ,2017-01-11,1,20.663897316192106,
1009,PERKINS,2017-07-09,5,40.361152734388476,iris
1010,FERGUSON,2017-05-04,2,21.018300051245614,daffodil
1011,MAY,2017-06-22,3,9.767947319089958,rose
1012,MILLER,2017-07-25,3,20.09000453868923,
1013,GREENE,2017-07-27,4,9.321970912000113,rose
1014,OBRIEN,2017-02-16,4,40.62616176788085,
1015,FREEMAN,2017-02-09,4,10.010868827679804,gerbera
1016,RAMOS,2017-09-04,4,21.651084825013534,
1017,ROBINSON,2017-05-09,3,9.221863291317748,lilac
1018,ROBINSON,2017-06-14,2,10.547645329062824,lilac
1019,RUIZ,2017-07-29,4,20.45178856993353,
1020,CLARK,2017-01-05,3,,
1021,HARPER,2017-08-24,2,10.525911853492463,tulip
1022,PAYNE,2017-01-21,1,19.77178904468374,rose
1023,BOYD,2017-07-02,4,40.14728952584128,lilac
1024,ROBINSON,2017-03-05,5,18.974158454725085,lilac
1025,COX,2017-04-03,3,9.272833477585095,
1026,HALL,2017-04-23,3,22.706567033577024,daffodil
1027,RHODES,2017-08-22,4,10.151628870901336,
1028,REYES,2017-01-18,4,20.54553211658084,rose
1029,ROBINSON,2017-04-02,4,20.667826506358047,
1030,LEWIS,2017-07-28,5,40.13198438479372,gerbera
1031,GREENE,2017-03-10,1,19.55589961642972,rose
1032,TURNER,2017-06-29,5,39.43408162407313,iris
1033,TURNER,2017-02-26,3,39.39570667359536,iris
1034,VARGAS,2017-03-06,4,19.56203977003917,sunflower
1035,PETERS,2017-05-03,4,20.3247234005108,orchid
1036,FERGUSON,2017-06-21,5,9.848442903013568,daffodil
1037,ROGERS,2017-01-30,3,40.36844909592911,
1038,ELLIS,2017-05-15,5,18.773684018031272,daisy
1039,COLLINS,2017-07-20,4,19.152947057097187,
1040,DANIELS,2017-06-21,5,9.957252361084425,rose
1041,PETERS,2017-02-01,4,,orchid
1042,ROBINSON,2017-08-11,5,10.106924174878474,lilac
1043,MITCHELL,2017-05-29,5,21.054419463146786,lilac
1044,ALLEN,2017-02-11,5,40.28623232783156,rose
1045,CARLSON,2017-05-11,3,21.913345453148214,rose
1046,REID,2017-03-25,3,11.346947792036715,jasmine
1047,ROBINSON,2017-06-07,5,18.187913343092607,lilac
1048,MARTIN,2017-06-23,3,38.97178490612093,lilac
1049,FOSTER,2017-03-24,2,38.96400336060229,
1050,MASON,2017-06-22,3,17.81234717565077,tulip
1051,CALDWELL,2017-02-01,5,10.698038212223214,carnation
1052,AUSTIN,2017-03-17,2,19.657933559091166,jasmine
1053,VARGAS,2017-05-22,5,21.367687255211735,sunflower
1054,GREEN,2017-02-13,5,,daffodil
1055,BYRD,2017-06-30,5,41.566585818743725,gardenia
1056,RIVERA,2017-06-30,3,19.475134709216427,daffodil
1057,ROSE,2017-05-04,1,19.953792960230306,gardenia
1058,WOODS,2017-07-12,3,20.300919385649895,sunflower
1059,WAGNER,2017-07-17,4,19.05813230832499,iris
1060,GONZALES,2017-05-09,2,38.550615869457395,lilac
1061,DANIELS,2017-02-07,5,10.392627704199207,
1062,GOMEZ,2017-01-02,4,19.296580605198766,
1063,BARNETT,2017-08-27,4,,gardenia
1064,MONTGOMERY,2017-01-22,5,8.900795479674256,gardenia
1065,ROBINSON,2017-06-20,3,39.98301160420699,lilac
1066,HOLMES,2017-04-05,3,11.137140906561116,rose
1067,THOMPSON,2017-05-07,1,9.780662511574203,tulip
1068,CASTILLO,2017-02-26,4,9.429211255136568,gardenia
1069,DANIELS,2017-07-31,5,38.16063278312035,rose
1070,ROBINSON,2017-02-06,5,20.66425770975789,
1071,CALDWELL,2017-04-21,5,40.81756940071396,carnation
1072,MOORE,2017-05-20,5,19.565067295442024,rose
1073,ROBINSON,2017-08-08,5,19.78370082239843,lilac
1074,RUSSELL,2017-07-26,5,10.599312153256943,carnation
1075,STEWART,2017-08-13,2,19.81922256797939,tulip
1076,KING,2017-08-20,2,20.240239567057603,
1077,BROWN,2017-02-12,4,17.685223969794034,daffodil
1078,WHEELER,2017-02-18,4,39.0900053263572,orchid
1079,ROBINSON,2017-01-28,5,39.03062869437765,lilac
1080,STEWART,2017-02-18,3,10.711600171359402,tulip
1081,HILL,2017-02-13,4,9.517952448737823,
1082,HOFFMAN,2017-01-30,2,19.669988315777033,sunflower
1083,BELL,2017-01-11,2,39.62059784772226,
1084,JACOBS,2017-02-11,3,20.447331988083103,carnation
1085,MURRAY,2017-08-29,3,20.483871667987792,daffodil
1086,GRAVES,2017-01-07,4,20.680632877909176,gerbera
1087,ROBINSON,2017-01-24,5,20.783138135804545,lilac
1088,FERGUSON,2017-02-25,2,18.180406884389306,daffodil
1089,JACKSON,2017-04-04,2,18.70848723485821,
1090,CARROLL,2017-02-11,5,8.968955605473209,tulip
1091,BURKE,2017-08-16,1,39.78046538927822,daffodil
1092,DIAZ,2017-03-27,2,10.112087994799793,
1093,FERGUSON,2017-02-21,4,20.245430690242802,daffodil
1094,DANIELS,2017-04-28,1,19.433847061784466,rose
1095,CHAPMAN,2017-01-26,4,21.94854510220763,gerbera
1096,CALDWELL,2017-05-17,3,11.530575746506965,carnation
1097,ROBINSON,2017-08-31,1,19.740721609088027,lilac
1098,MORGAN,2017-08-20,3,10.609334750394755,tulip
1099,ROBINSON,2017-05-26,5,40.575438922550475,lilac
1101,WEBB,2017-07-13,2,8.004355730089456,iris
1101,BURKE,2017-08-16,4,18.560260365877358,daffodil
1102,HAMILTON,2017-07-14,3,40.61797035716671,lilac
1103,HARPER,2017-04-10,2,21.80685871991968,tulip
1104,WELCH,2017-01-11,3,20.832149115209614,
1105,WAGNER,2017-01-16,3,20.369090538431443,iris
1106,BURKE,2017-04-22,5,18.81915130532943,
1107,ROBINSON,2017-08-01,5,40.98228579406936,lilac
1108,ALLEN,2017-07-17,2,19.829455239483146,rose
1109,RYAN,2017-09-01,3,20.553662198718552,carnation
1110,CARPENTER,2017-04-11,2,9.822113765492556,sunflower
1111,CLARK,2017-05-04,4,10.958270141342146,
1112,ROBINSON,2017-01-04,5,19.320615288241104,lilac
1113,ROBINSON,2017-07-30,1,12.129372227529846,
1114,LEWIS,2017-06-09,4,38.43293342156386,gerbera
1115,GREEN,2017-01-13,3,10.201632012802088,daffodil
1116,MCKINNEY,2017-01-28,3,20.242743614707088,gardenia
1117,ROBINSON,2017-01-27,5,8.222220629574593,lilac
1118,RICHARDS,2017-07-14,3,9.553872150135119,lilac
1119,HARPER,2017-08-21,5,21.037598973359675,tulip
1120,RAMOS,2017-05-26,3,17.6554341093315,orchid
1121,ROBINSON,2017-04-12,5,9.302764983103009,lilac
1122,NEAL,2017-05-30,5,20.951594519324036,iris
1123,MEDINA,2017-01-31,5,21.11362145441848,daffodil
1124,WILLIS,2017-06-25,1,22.343949267748798,tulip
1125,ROBINSON,2017-03-15,5,11.349250233547508,
1126,MURRAY,2017-02-18,5,21.74310058470698,
1127,WATTS,2017-08-31,5,21.37626984738797,gardenia
1128,WATTS,2017-08-24,2,39.62882165037336,
1129,HART,2017-04-08,4,20.937876879939264,gardenia
1130,HICKS,2017-04-13,4,18.19812547625326,daisy
1131,CHAPMAN,2017-07-02,5,9.723798996287336,gerbera
1132,STONE,2017-03-12,4,39.122986373405546,iris
1133,ROBINSON,2017-03-09,4,11.609311591921207,
1134,JAMES,2017-06-01,2,19.517681086449205,daisy
1135,POWELL,2017-01-22,3,39.903788141337344,
1136,RICHARDS,2017-02-19,3,39.487050456498025,lilac
1137,STONE,2017-07-22,4,41.9382701757059,iris
1138,GONZALEZ,2017-08-14,2,39.966756650724676,gardenia
1139,MILLS,2017-05-24,5,9.97530729279231,rose
1140,MORRISON,2017-01-02,4,12.030218006803244,gardenia
1141,ROGERS,2017-03-11,2,10.189389367040652,gardenia
1142,MURPHY,2017-03-18,5,9.80803688785054,iris
1143,ROBINSON,2017-05-29,1,40.298659647408655,lilac
1144,RHODES,2017-01-07,5,40.1071388249119,
1145,CARROLL,2017-07-29,3,,tulip
1146,KELLY,2017-06-04,4,9.474149144879881,daisy
1147,SNYDER,2017-08-04,5,18.87760377038128,sunflower
1148,REYNOLDS,2017-04-25,3,41.478611368512695,gardenia
1149,MASON,2017-07-02,5,19.917732858165586,tulip
1150,ROBINSON,2017-01-03,5,38.822663729629475,lilac
1151,ORTIZ,2017-04-21,5,20.086883660435266,carnation
1152,ROBINSON,2017-05-25,4,20.126000825035838,lilac
1153,JORDAN,2017-01-06,4,9.31625019561859,carnation
1154,PENA,2017-06-28,3,38.96750341167785,lilac
1155,BURKE,2017-08-28,3,20.3814551149799,daffodil
1156,EVANS,2017-03-24,5,21.01209053615984,daisy
1157,RICE,2017-01-07,3,19.294549835928294,gerbera
1158,BATES,2017-01-02,5,40.28037631562681,
1159,HOPKINS,2017-08-31,2,11.044370176450023,tulip
1160,PETERS,2017-05-21,5,20.379008951214235,orchid
1161,PERKINS,2017-05-19,4,9.854839924071136,iris
1162,BROWN,2017-05-22,3,8.21143593021903,daffodil
1163,REED,2017-04-22,4,18.842673863432275,gerbera
1164,MILES,2017-03-17,5,10.588153375177605,daisy
1165,CARTER,2017-07-03,5,41.748071306857355,
1166,ROBINSON,2017-08-15,3,38.48833706375374,lilac
1167,RODRIQUEZ,2017-08-20,3,19.092672690713986,carnation
1168,BENNETT,2017-07-22,5,20.293769858556022,rose
1169,RIVERA,2017-08-20,5,41.03370297862357,daffodil
1170,ROSE,2017-08-06,3,18.857847692157765,gardenia
1171,CALDWELL,2017-01-10,5,20.656427078954547,carnation
1172,SILVA,2017-02-04,1,18.701793067714103,lilac
1173,PENA,2017-08-17,5,39.68980060499553,lilac
1174,RAMIREZ,2017-07-12,3,20.27861583111815,lilac
1175,PALMER,2017-02-02,5,40.664898805109615,gardenia
1176,MURRAY,2017-06-15,5,11.087979152767431,daffodil
1177,ROBINSON,2017-05-28,5,19.386763367189875,lilac
1178,LAWRENCE,2017-06-15,2,41.20332944736875,daffodil
1179,THOMPSON,2017-05-07,5,39.681435096541335,
1180,BREWER,2017-04-22,4,19.779140057267774,carnation
1181,CARLSON,2017-02-06,5,42.99631722334263,rose
1182,BANKS,2017-06-28,1,40.860786261563156,orchid
1183,MCDONALD,2017-01-10,4,22.2870250314345,tulip
1184,MORGAN,2017-04-15,5,10.694375864487824,tulip
1185,ROBINSON,2017-03-31,4,39.75823671114292,lilac
1186,LEE,2017-07-25,5,,daffodil
1187,ROBINSON,2017-02-15,5,39.14421579187788,lilac
1188,HALE,2017-05-19,1,19.988894114181647,rose
1189,WALKER,2017-02-23,2,19.837934302549293,
1190,POWELL,2017-07-04,4,20.11682517476823,gardenia
1191,ROBINSON,2017-05-18,5,40.102380890832826,
1192,STEWART,2017-07-19,4,19.722273447270336,tulip
1193,HALE,2017-08-23,5,8.280981607273578,rose
1194,MCCOY,2017-02-08,3,,sunflower
1195,DANIELS,2017-01-25,5,21.389024174523165,rose
1196,RICHARDS,2017-05-17,3,19.57973623277747,lilac
1197,DANIELS,2017-01-30,4,21.799445538468248,
1198,MARSHALL,2017-04-26,5,21.81062802853089,carnation
1199,CARROLL,2017-06-07,4,20.05042767333889,tulip
1200,DANIELS,2017-01-16,4,19.246844681260324,rose
1201,OBRIEN,2017-06-26,2,10.284604305977787,
1202,KING,2017-01-04,3,38.50324227180895,rose
1203,GRIFFIN,2017-09-03,4,,iris
1204,GARDNER,2017-01-21,2,10.761735089281368,gardenia
1205,GORDON,2017-09-04,5,20.675018919564764,rose
1206,ROBINSON,2017-03-22,5,39.90696491131651,lilac
1207,MORALES,2017-01-01,5,19.17431665429791,jasmine
1208,DAVIDSON,2017-01-14,5,21.534000947514254,sunflower
1209,ROBINSON,2017-05-07,5,10.694869109753043,lilac
1210,ROBINSON,2017-04-18,5,21.09204467832951,lilac
1211,MOORE,2017-02-07,5,18.941808538310724,
1212,CLARK,2017-03-10,3,,gardenia
1213,MORALES,2017-03-23,4,11.051502932117154,jasmine
1214,MAY,2017-05-31,3,9.125438981046608,rose
1215,ROBINSON,2017-08-16,2,20.975911014938106,lilac
1216,HARPER,2017-06-02,4,18.881858590903775,
1217,CARLSON,2017-03-28,5,18.631115594466323,rose
1218,WOOD,2017-08-11,3,9.541772756962937,sunflower
1219,GONZALES,2017-04-06,2,9.795142790517158,
1220,DUNN,2017-05-12,5,40.631676883609146,daffodil
1221,PALMER,2017-08-27,3,18.297787337627767,gardenia
1222,RICE,2017-02-12,4,19.802920158367574,
1223,CALDWELL,2017-08-12,3,19.617544468767367,
1224,ROBINSON,2017-06-21,5,20.016600045283862,
1225,ROSE,2017-02-24,4,19.149593181101167,gardenia
1226,MILLER,2017-05-21,3,20.674838848471875,daffodil
1227,WOODS,2017-05-19,3,20.096969920351576,sunflower
1228,DIXON,2017-05-18,3,40.031487535652396,gerbera
1229,JOHNSTON,2017-05-14,5,10.779947755594964,orchid
1230,WEAVER,2017-08-24,1,21.47187976673855,sunflower
1231,MCKINNEY,2017-01-22,5,18.649521543554144,
1232,ROBINSON,2017-02-17,5,21.37707319681946,lilac
1233,ROBINSON,2017-06-01,5,19.726581347603027,
1234,ROBINSON,2017-07-10,1,39.77227475155691,lilac
1235,BERRY,2017-08-30,4,39.27870401614798,iris
1236,HOLMES,2017-08-02,3,19.18441024580818,rose
1237,HOFFMAN,2017-01-16,2,38.77006384766891,sunflower
1238,HUNTER,2017-04-02,2,11.278832725496676,
1239,FERNANDEZ,2017-01-16,1,41.586327594491856,carnation
1240,GARDNER,2017-02-03,3,20.021240716697804,gardenia
1241,ROBINSON,2017-02-13,5,9.677565744517377,
1242,HOFFMAN,2017-04-05,4,17.742611132362214,sunflower
1243,PRICE,2017-04-25,4,10.268818522654307,daisy
1244,CURTIS,2017-04-21,3,40.86943983404197,sunflower
1245,ROBINSON,2017-01-14,5,39.66748966091856,lilac
1246,REYES,2017-01-30,4,20.3532827591497,rose
1247,ROBINSON,2017-03-23,5,11.356416090193058,
1248,NEWMAN,2017-03-23,4,9.730491220633807,
1249,CHAMBERS,2017-04-15,4,9.780960528126,gerbera
1250,MITCHELL,2017-06-20,1,40.78253914408094,lilac
1251,HARRISON,2017-05-21,1,21.797325353938312,orchid
1252,HORTON,2017-01-02,1,19.37689141500159,tulip
1253,PAYNE,2017-01-30,4,21.822358317118322,rose
1254,HALE,2017-07-12,4,39.59806030259527,rose
1255,KELLY,2017-02-28,4,19.806344377735158,daisy
1256,ROBINSON,2017-06-21,5,40.60477811396738,
1257,DANIELS,2017-03-02,1,9.897293546703857,rose
1258,ROBINSON,2017-07-24,5,40.4600184870818,lilac
1259,PAYNE,2017-02-19,5,38.52928460274713,
1260,ROBINSON,2017-08-29,4,9.930922200779158,lilac
1261,ELLIS,2017-05-09,3,39.88225124235064,daisy
1262,ROBINSON,2017-07-06,5,19.51073934633442,lilac
1263,KING,2017-02-18,5,39.91810180808753,rose
1264,ROBINSON,2017-04-01,5,40.351683462996135,lilac
1265,HOWELL,2017-02-23,1,19.67643972402356,lilac
1266,OWENS,2017-05-26,1,18.92178299320153,iris
1267,RICHARDS,2017-07-13,3,21.574654665586767,lilac
1268,HOLT,2017-03-24,3,20.54836673713625,gerbera
1269,RAMOS,2017-01-10,3,39.49381580959066,orchid
1270,CARLSON,2017-01-12,2,40.531970303025325,rose
1271,LEWIS,2017-06-23,2,20.65649047587376,gerbera
1272,WOOD,2017-08-13,1,20.481757984540366,sunflower
1273,WILLIAMS,2017-01-23,5,39.40872492029389,daffodil
1274,WATSON,2017-01-27,4,19.102188454141096,iris
1275,WHEELER,2017-05-11,4,20.72766772607169,orchid
1276,SANDERS,2017-08-03,4,37.98649546462559,daffodil
1277,BAILEY,2017-02-16,2,41.2548545565496,
1278,RUSSELL,2017-08-03,5,10.192468855041623,carnation
1279,ALVAREZ,2017-01-17,3,20.676234877093503,orchid
1280,SUTTON,2017-05-20,5,21.15361232368516,jasmine
1281,ORTIZ,2017-04-23,1,20.526898428740118,
1282,HALE,2017-02-28,3,9.673019840479569,rose
1283,GOMEZ,2017-06-08,4,10.871320599788058,tulip
1284,BARNETT,2017-04-25,5,18.77707366655584,gardenia
1285,SPENCER,2017-08-16,2,17.888932526611647,orchid
1286,HUNTER,2017-05-16,5,40.21034396525123,
1287,CALDWELL,2017-05-06,3,38.86768017281468,carnation
1288,MORRIS,2017-03-21,2,10.698465189482716,
1289,CALDWELL,2017-07-17,1,19.26228914944807,carnation
1290,ORTIZ,2017-06-05,4,21.11403903915744,carnation
1291,MILLS,2017-07-28,4,38.391366967748795,rose
1292,JOHNSON,2017-08-29,5,21.175807885142245,daisy
1293,BLACK,2017-04-12,4,39.801426209206745,
1294,BYRD,2017-02-01,4,39.13908700399853,gardenia
1295,HOLLAND,2017-07-09,4,41.2368671997801,jasmine
1296,BECK,2017-05-01,5,11.44543935150865,orchid
1297,CALDWELL,2017-04-05,5,40.09155124945796,
1298,ROBINSON,2017-01-07,5,10.598514558605297,lilac
1299,ROBINSON,2017-02-18,2,8.999600808313337,lilac
1300,TURNER,2017-08-17,2,18.771464764199735,iris
1301,CRAIG,2017-08-25,3,40.90236745302462,gardenia
1302,BROOKS,2017-05-04,5,20.68471451687745,
1303,SANDERS,2017-08-18,2,20.710239352872573,daffodil
1304,MYERS,2017-07-16,4,39.686571834379905,gerbera
1305,NGUYEN,2017-07-18,4,20.954869572879133,gerbera
1306,ROBINSON,2017-01-09,5,17.912178362441317,lilac
1307,SNYDER,2017-05-10,3,41.72214009489744,sunflower
1308,ROBINSON,2017-02-18,5,39.33357524444564,lilac
1309,PRICE,2017-08-16,1,19.308156856700386,daisy
1310,ROBINSON,2017-08-17,5,10.173784126307721,lilac
1311,ROBINSON,2017-01-01,3,10.067076142225387,lilac
1312,ELLIS,2017-03-09,5,39.85628633906411,daisy
1313,BAILEY,2017-04-14,4,20.109265894612427,rose
1314,ROBINSON,2017-08-02,5,20.758678000620986,lilac
1315,JACOBS,2017-04-11,5,40.504536579581064,carnation
1316,WELCH,2017-04-05,1,9.179863659357514,daisy
1317,STEVENS,2017-07-18,3,18.50814774104428,jasmine
1318,ROBINSON,2017-06-13,3,38.02200926366295,lilac
1319,ROBERTS,2017-06-13,4,19.046088328689766,tulip
1320,ROBINSON,2017-03-21,5,39.348512814940975,lilac
1321,JACOBS,2017-08-30,4,9.543406771178958,
1322,HOLMES,2017-01-20,4,8.279197859697513,rose
1323,BELL,2017-06-29,1,41.23647533464644,gardenia
1324,CASTRO,2017-05-10,5,20.591347711596416,gardenia
1325,ROBINSON,2017-02-04,5,39.99420057247508,lilac
1326,JACOBS,2017-01-31,5,39.90050587474021,carnation
1327,RICHARDSON,2017-05-23,5,10.22015816330958,jasmine
1328,MURRAY,2017-07-15,5,38.82765668651721,daffodil
1329,WHEELER,2017-04-07,3,38.646486481020936,orchid
1330,DAY,2017-03-06,3,39.1842697344616,orchid
1331,SHELTON,2017-04-06,5,19.7635281206912,rose
1332,STEWART,2017-05-09,3,9.335130508576274,tulip
1333,CARPENTER,2017-05-18,3,20.381930676329095,
1334,RAMOS,2017-02-20,5,39.48031310227434,
1335,ROBINSON,2017-03-08,3,19.0691775358897,lilac
1336,CARLSON,2017-08-21,4,20.28944745205815,rose
1337,HOLLAND,2017-07-02,4,38.48238364728061,jasmine
1338,ROBINSON,2017-04-30,5,8.183829724414426,lilac
1339,DOUGLAS,2017-05-22,3,39.54682302212871,daisy
1340,MILLER,2017-07-28,5,10.738168610361958,daffodil
1341,BUTLER,2017-04-22,2,39.64074765327229,tulip
1342,ROBINSON,2017-08-11,5,20.69936422043128,lilac
1343,DANIELS,2017-04-16,4,19.957283291012963,rose
1344,BROWN,2017-05-15,5,20.55577892993331,daffodil
1345,HARPER,2017-04-01,3,18.843900147503373,tulip
1346,CASTILLO,2017-01-07,2,40.07595619706157,gardenia
1347,ROBINSON,2017-01-09,4,19.96322267974549,lilac
1348,ROBINSON,2017-04-08,5,41.930437740985646,lilac
1349,GRAY,2017-04-08,3,19.719347023936592,gerbera
1350,HUNTER,2017-07-09,1,21.353694767679368,
1351,ROBINSON,2017-08-01,5,40.2864121749988,lilac
1352,ORTIZ,2017-06-29,1,19.91593360487598,carnation
1353,RAY,2017-05-31,5,40.23100153938566,jasmine
1354,HUNTER,2017-07-04,2,8.86021906643558,
1355,BANKS,2017-02-18,5,21.126801075458566,orchid
1356,GRAY,2017-08-12,5,19.363362609116106,gerbera
1357,ROBINSON,2017-01-31,5,7.839895366820081,lilac
1358,FLEMING,2017-01-30,4,39.02908692260839,sunflower
1359,SOTO,2017-01-31,5,19.65639643928566,lilac
1360,JIMENEZ,2017-04-21,3,,tulip
1361,HARPER,2017-01-01,4,20.613118798131897,
1362,HAMILTON,2017-03-17,5,21.149976386535844,lilac
1363,ROBINSON,2017-03-18,5,20.84993028443976,lilac
1364,ORTIZ,2017-03-16,1,20.41784456159898,carnation
1365,MCCOY,2017-08-02,5,20.723903886362148,sunflower
1366,RICHARDS,2017-06-15,2,19.44999025292047,
1367,HUDSON,2017-06-14,5,,gardenia
1368,COLEMAN,2017-05-21,4,19.410005368504624,tulip
1369,ROBINSON,2017-05-17,1,9.279992480738544,lilac
1370,DANIELS,2017-05-30,3,40.001465136878316,rose
1371,WARD,2017-02-25,5,39.77451603730313,gerbera
1372,ROBINSON,2017-01-16,3,38.373678788544346,lilac
1373,LYNCH,2017-06-18,4,20.425355750619282,daisy
1374,ROBINSON,2017-01-04,5,9.862996814543573,lilac
1375,HAYES,2017-08-27,1,19.09290703552334,jasmine
1376,ROBINSON,2017-02-27,4,20.056004812357987,lilac
1377,RUIZ,2017-04-01,1,40.893746108756964,
1378,LYNCH,2017-05-25,5,20.1179774559968,daisy
1379,MORRISON,2017-05-27,5,9.32704833536355,gardenia
1380,LUCAS,2017-02-16,5,20.129498799289202,carnation
1381,BROWN,2017-01-05,2,17.594668733256434,daffodil
1382,LITTLE,2017-07-17,4,,gardenia
1383,ROBINSON,2017-02-04,2,20.220777489796127,lilac
1384,ROBINSON,2017-06-10,5,20.412006074697267,lilac
1385,FERGUSON,2017-02-27,3,11.385748884397252,daffodil
1386,GONZALES,2017-06-30,4,10.225101213692009,
1387,MORALES,2017-07-25,5,19.366468184314545,jasmine
1388,BARNETT,2017-02-25,2,20.78949787856871,gardenia
1389,HERRERA,2017-06-07,4,11.12881029492998,rose
1390,MCKINNEY,2017-05-10,3,20.853671744538666,gardenia
1391,ROBINSON,2017-02-09,4,17.386108580604482,
1392,HUNTER,2017-02-11,4,41.20688500025086,rose
1393,SHAW,2017-06-11,3,11.086556982123152,sunflower
1394,FERNANDEZ,2017-08-09,2,18.977940203605705,carnation
1395,BURKE,2017-05-11,2,39.669468930733316,daffodil
1396,ORTIZ,2017-07-16,1,41.96023315124583,carnation
1397,MORGAN,2017-06-06,3,9.347733091904855,tulip
1398,DANIELS,2017-04-17,5,19.93977150323613,
1399,HALE,2017-06-27,3,40.085951137920325,rose
1400,RICHARDSON,2017-08-05,5,38.66781017118827,
1401,BELL,2017-06-07,3,19.04051901684216,
1402,JOHNSTON,2017-02-11,5,19.18362579530438,
1403,GONZALES,2017-04-20,5,40.08323132732283,
1404,GARCIA,2017-01-05,2,40.60410439632272,
1405,FOX,2017-03-25,2,39.6234984907033,
1406,GREENE,2017-04-12,4,41.09140945951411,rose
1407,ROBINSON,2017-07-01,5,19.42861801292566,lilac
1408,ROBINSON,2017-07-01,3,19.936792871474896,lilac
1409,ROBINSON,2017-01-21,5,19.608366318928322,lilac
1410,ROBINSON,2017-05-03,4,9.941338731217185,lilac
1411,ROBINSON,2017-07-02,5,20.72017968607647,lilac
1412,CRAWFORD,2017-01-17,5,20.713765333460838,carnation
1413,ROBINSON,2017-07-12,5,19.135496246930515,
1414,GOMEZ,2017-03-23,1,39.67611183611072,
1415,WARD,2017-07-20,3,40.67193588314544,gerbera
1416,DUNN,2017-04-18,1,19.69688214445536,daffodil
1417,JOHNSTON,2017-07-12,5,19.204785889459508,orchid
1418,GREEN,2017-01-15,3,20.950466764544608,daffodil
1419,ROGERS,2017-06-20,2,40.73186622156254,
1420,LARSON,2017-09-04,4,21.069429306746365,tulip
1421,ALLEN,2017-07-01,4,19.858291576978107,rose
1422,HORTON,2017-07-18,1,39.32233691142039,tulip
1423,WHITE,2017-08-14,1,17.85213873107417,gardenia
1424,ROBINSON,2017-01-12,1,39.575926556180896,lilac
1425,CARROLL,2017-02-15,5,18.556155868260433,tulip
1426,WILLIAMS,2017-03-25,3,39.12315817451921,daffodil
1427,GUTIERREZ,2017-03-20,3,38.705259188525204,gerbera
1428,ROBINSON,2017-03-29,4,17.501773195583034,lilac
1429,ROBINSON,2017-01-28,4,,lilac
1430,ROBINSON,2017-06-22,5,40.046326535867216,lilac
1431,BURKE,2017-05-30,4,8.323360197384574,daffodil
1432,RICE,2017-02-18,3,19.552498898381536,gerbera
1433,MARTINEZ,2017-05-21,4,41.432332974792736,gardenia
1434,ROBINSON,2017-07-03,4,10.01425747024187,
1435,ANDREWS,2017-06-08,2,20.22610849804412,orchid
1436,BAILEY,2017-05-02,2,39.24600733360161,rose
1437,GARZA,2017-08-13,5,38.95346066294632,daffodil
1438,WEBB,2017-04-01,3,21.701424608419398,
1439,GRAVES,2017-02-15,2,20.667256959021355,
1440,CARROLL,2017-05-08,5,19.55089537556503,tulip
1441,PERKINS,2017-07-26,3,20.086296320159,iris
1442,KING,2017-04-23,4,39.50811992126096,
1443,ROBINSON,2017-05-24,5,39.624402240136774,lilac
1444,MARSHALL,2017-05-06,3,38.61857427525246,carnation
1445,HUDSON,2017-04-28,3,7.621566171200918,
1446,DUNN,2017-07-14,3,20.275932523197245,daffodil
1447,ROBINSON,2017-01-02,5,10.070531082144146,lilac
1448,ROBINSON,2017-06-13,5,19.253301275677,lilac
1449,ROBINSON,2017-06-18,5,39.18466849361471,lilac
1450,HILL,2017-05-19,3,17.977297425833665,
1451,RAMOS,2017-07-08,1,10.239160236713586,orchid
1452,CURTIS,2017-08-02,2,21.147575712619027,sunflower
1453,ROBINSON,2017-03-16,5,22.06949841389647,lilac
1454,MCCOY,2017-06-10,4,20.107706604507435,
1455,RAMOS,2017-08-25,4,39.463298299457286,orchid
1456,ROBINSON,2017-05-17,5,19.601682395033976,lilac
1457,KNIGHT,2017-02-26,4,18.226666953262512,gardenia
1458,HUNTER,2017-01-18,4,42.83199518751649,rose
1459,ANDERSON,2017-03-25,2,10.067761463721538,daisy
1460,JACOBS,2017-04-20,5,19.307921328707604,carnation
1461,VASQUEZ,2017-06-25,4,37.760790220035865,gardenia
1462,RHODES,2017-03-15,4,18.29875567159744,carnation
1463,ROBINSON,2017-04-23,5,21.613492029195008,lilac
1464,ROBINSON,2017-07-12,5,8.236668134635401,
1465,FLEMING,2017-06-28,3,11.169952633217822,sunflower
1466,ROBINSON,2017-08-21,3,21.186470245001487,lilac
1467,MENDOZA,2017-08-09,5,18.94886452018504,
1468,JACOBS,2017-06-24,4,39.99935439484211,carnation
1469,CARROLL,2017-06-09,3,,tulip
1470,SANDERS,2017-04-30,1,39.927602595595104,daffodil
1471,DANIELS,2017-08-02,3,18.99120612455764,rose
1472,HART,2017-07-30,1,19.206363026290955,gardenia
1473,DANIELS,2017-08-05,2,38.099346730352934,rose
1474,ROBINSON,2017-07-17,5,8.675060856683505,
1475,ROBINSON,2017-04-16,5,19.97233422270916,lilac
1476,GRAHAM,2017-08-02,2,10.294101927481078,lilac
1477,ROBINSON,2017-05-21,2,11.75598399352932,
1478,BATES,2017-07-03,3,38.88590619560963,daisy
1479,ROBINSON,2017-06-04,4,38.84056227603225,lilac
1480,FOX,2017-01-13,2,10.078326654004735,
1481,HUNTER,2017-08-03,1,41.647321827620004,rose
1482,ROBINSON,2017-06-07,5,39.00855501571081,lilac
1483,CURTIS,2017-08-27,3,9.905388435682779,sunflower
1484,ROBINSON,2017-07-17,5,40.391164820172094,lilac
1485,HUNT,2017-08-22,4,19.550183959142593,gerbera
1486,MORRISON,2017-03-01,5,20.07118941401848,gardenia
1487,MORALES,2017-06-11,4,39.74625143474983,jasmine
1488,ROBINSON,2017-01-03,2,41.53718994033743,lilac
1489,HUDSON,2017-08-30,4,38.57885997750445,gardenia
1490,OLSON,2017-03-21,4,40.38609528409458,lilac
1491,MURRAY,2017-06-21,5,11.807844044715946,daffodil
1492,ROBINSON,2017-03-02,2,40.56157314427975,lilac
1493,ROBINSON,2017-07-30,5,10.640357968434348,
1494,ROBINSON,2017-05-29,1,39.537687108196494,lilac
1495,FORD,2017-06-06,4,21.100522923889105,carnation
1496,RYAN,2017-03-09,5,10.42452053489414,
1497,ROBINSON,2017-07-25,5,20.6727304057293,lilac
1498,CARLSON,2017-02-06,3,18.89050405664989,rose
1499,BISHOP,2017-01-26,4,9.919408543733033,sunflower
1500,BENNETT,2017-04-26,3,20.36756375632163,rose
1501,ROBINSON,2017-01-08,5,19.95581255766759,
1502,FREEMAN,2017-03-12,4,19.320466409881465,gerbera
1503,HUNTER,2017-02-15,2,19.632809833030613,rose
1504,CASTRO,2017-08-20,4,20.59462795295246,gardenia
1505,ROBINSON,2017-03-20,4,21.083977056249548,lilac
1506,COLEMAN,2017-02-06,2,20.262463484001568,tulip
1507,CASTRO,2017-06-03,5,20.926613717748136,gardenia
1508,ROBINSON,2017-01-11,5,39.85943694640198,lilac
1509,NEAL,2017-09-03,3,39.21778553397339,
1510,DANIELS,2017-08-29,5,20.954779835802945,rose
1511,FREEMAN,2017-03-28,3,39.28486352623754,gerbera
1512,EVANS,2017-04-05,1,38.54709851572177,daisy
1513,REID,2017-07-12,1,39.58064300574245,jasmine
1514,ROBINSON,2017-06-17,4,10.053403104085897,
1515,ROBINSON,2017-01-08,4,38.798575490256326,
1516,DANIELS,2017-03-25,4,9.28844070880008,rose
1517,ROBINSON,2017-08-09,4,8.872260202913195,lilac
1518,ADAMS,2017-01-22,4,39.06673227850352,orchid
1519,BURKE,2017-04-23,3,19.41409494389223,
1520,JACOBS,2017-07-22,5,19.47270675221944,
1521,ROBINSON,2017-06-22,2,9.445687561636133,lilac
1522,WAGNER,2017-03-18,2,,iris
1523,DAY,2017-05-31,3,20.4028721759488,orchid
1524,STEWART,2017-08-31,4,20.553032057347128,tulip
1525,ROBINSON,2017-02-10,5,8.836212072416203,lilac
1526,ROBINSON,2017-07-08,5,9.75399218862583,
1527,ROBINSON,2017-07-23,5,20.214650180157065,lilac
1528,GRANT,2017-06-18,1,9.889104678549883,tulip
1529,CALDWELL,2017-04-07,5,42.12211938458883,carnation
1530,FIELDS,2017-03-25,1,21.148339002385022,lilac
1531,MORALES,2017-03-09,3,19.291959915260104,jasmine
1532,FOSTER,2017-06-09,3,19.96992834153728,daffodil
1533,RIVERA,2017-07-14,5,11.841668701281488,
1534,ROBINSON,2017-01-06,5,20.676548716953928,lilac
1535,CURTIS,2017-08-13,3,21.066534622345426,sunflower
1536,ROBINSON,2017-01-06,5,20.22270184174417,lilac
1537,GOMEZ,2017-05-31,3,19.268682968623946,tulip
1538,HOLLAND,2017-06-07,5,39.85576748857722,jasmine
1539,AUSTIN,2017-05-10,5,41.288529279387824,jasmine
1540,ROBINSON,2017-07-20,5,11.16132586847472,
1541,CARROLL,2017-05-21,1,38.94392571220611,tulip
1542,HOWELL,2017-07-29,3,40.03772717421713,lilac
1543,KIM,2017-03-15,5,21.109069633911922,gerbera
1544,BISHOP,2017-04-19,5,20.826856010089084,
1545,LAWRENCE,2017-05-03,5,20.48482891609821,daffodil
1546,HARVEY,2017-04-20,4,18.991206628155673,tulip
1547,JOHNSTON,2017-07-14,5,19.312738859226123,orchid
1548,RODRIQUEZ,2017-03-30,4,10.666873311445995,carnation
1549,ROBINSON,2017-01-21,2,18.669438190193787,
1550,RAMOS,2017-08-24,3,19.88529663342091,
1551,GARZA,2017-02-26,5,18.541557451418605,
1552,HUGHES,2017-02-16,3,40.343587161879114,rose
1553,ORTIZ,2017-07-27,5,41.11598509511661,carnation
1554,LEWIS,2017-03-19,4,40.46082369573792,gerbera
1555,WATTS,2017-08-03,4,20.81012955554682,gardenia
1556,LYNCH,2017-01-02,3,8.211549720974478,daisy
1557,GRAVES,2017-05-27,5,40.672689864035775,gerbera
1558,LANE,2017-02-21,3,20.199393625860008,gerbera
1559,GONZALEZ,2017-08-20,4,19.981827342438077,gardenia
1560,ROBINSON,2017-01-02,5,9.448141768993722,lilac
1561,PORTER,2017-03-19,3,20.278665419769442,orchid
1562,ALEXANDER,2017-06-24,5,20.17013364068841,sunflower
1563,ROBINSON,2017-07-10,5,18.690125426478428,
1564,ROBINSON,2017-07-12,5,10.24196926475507,
1565,BURKE,2017-06-02,2,38.48236356613143,daffodil
1566,ORTIZ,2017-01-20,2,21.475226286412774,carnation
1567,CRAWFORD,2017-02-07,4,10.484361174661348,carnation
1568,DANIELS,2017-08-17,4,19.63527590758217,rose
1569,LAWSON,2017-05-24,4,11.331382048693454,jasmine
1570,RICHARDS,2017-02-14,2,,lilac
1571,ROBINSON,2017-04-17,3,39.41558398661675,lilac
1572,SCHMIDT,2017-03-22,5,8.78080797267247,rose
1573,DANIELS,2017-06-18,4,40.60595179507549,rose
1574,ROBINSON,2017-01-12,5,20.26735330439108,lilac
1575,MARSHALL,2017-05-02,2,18.66868098103047,carnation
1576,EDWARDS,2017-08-02,4,10.620682556785033,gerbera
1577,NGUYEN,2017-08-02,5,21.037442425666,
1578,NGUYEN,2017-03-10,2,18.260750430085388,gerbera
1579,CARLSON,2017-01-31,5,39.09732812380585,rose
1580,HUNTER,2017-06-30,3,18.088148095007625,rose
1581,GONZALES,2017-06-12,3,20.409422160785073,lilac
1582,NELSON,2017-02-28,4,19.5419255786867,daisy
1583,HENRY,2017-05-04,4,18.46454305943314,
1584,MORRISON,2017-02-01,4,40.14708609843754,gardenia
1585,AUSTIN,2017-06-15,5,11.076785687699132,jasmine
1586,LAWRENCE,2017-04-18,3,21.278989591849925,daffodil
1587,SCOTT,2017-04-09,2,19.35227672353354,gardenia
1588,MURRAY,2017-08-29,5,9.828821679327142,daffodil
1589,LEE,2017-02-17,4,39.459355451590426,
1590,HUDSON,2017-06-26,3,40.00064554344957,gardenia
1591,ROBINSON,2017-05-24,2,40.579406591246034,lilac
1592,ROBINSON,2017-04-18,5,40.53226090389278,lilac
1593,DANIELS,2017-01-15,1,9.946010978347354,
1594,FERGUSON,2017-07-29,2,19.70099277133291,daffodil
1595,JENKINS,2017-08-25,3,,carnation
1596,MITCHELL,2017-04-25,3,20.151888494969167,lilac
1597,ROBINSON,2017-02-24,5,21.18927612751405,lilac
1598,HALE,2017-04-07,3,10.407778486820613,rose
1599,SHELTON,2017-08-30,5,19.42743822556006,rose
1600,THOMPSON,2017-06-05,3,19.870564493285016,tulip
1601,ROBINSON,2017-02-28,3,8.850109706941696,lilac
1602,GREGORY,2017-07-20,5,10.761102983012123,
1603,HOLLAND,2017-04-12,1,11.253215385574787,jasmine
1604,AUSTIN,2017-08-10,3,21.291295956636,jasmine
1605,SILVA,2017-04-19,2,38.218833237901826,lilac
1606,CASTRO,2017-02-12,5,40.68581221538623,
1607,ROBINSON,2017-02-23,5,21.24439900619484,
1608,ROBINSON,2017-05-29,2,20.00907256289836,lilac
1609,PETERS,2017-07-30,5,20.073257114458663,
1610,SANDERS,2017-04-20,1,22.055063752330657,daffodil
1611,WATTS,2017-01-24,3,10.19086152888977,gardenia
1612,DANIELS,2017-05-23,5,9.683494639208153,rose
1613,ROBINSON,2017-06-03,5,18.579935402080928,lilac
1614,ROBINSON,2017-03-08,5,10.575727940326802,lilac
1615,ROBINSON,2017-01-10,2,21.304569747964823,lilac
1616,LYNCH,2017-04-19,5,38.162636363535796,daisy
1617,STEVENS,2017-01-18,3,9.366385501907377,jasmine
1618,BAILEY,2017-04-14,4,18.92563778086098,
1619,MASON,2017-06-20,4,8.043027895409214,tulip
1620,FOSTER,2017-05-05,3,19.94093488575211,daffodil
1621,NICHOLS,2017-04-07,3,18.24273484374668,lilac
1622,MILLER,2017-06-18,3,9.629686505879716,
1623,RAMOS,2017-08-24,5,19.615197657661426,orchid
1624,MILLS,2017-04-15,5,20.7718203488036,rose
1625,DANIELS,2017-03-21,2,20.34891738647279,
1626,JACOBS,2017-03-31,3,10.917093338648256,carnation
1627,ANDREWS,2017-07-14,2,39.63009935164274,orchid
1628,COOPER,2017-07-31,5,20.58386046159048,lilac
1629,ROBERTS,2017-06-13,3,10.718307932248527,
1630,ROBINSON,2017-07-03,5,38.971021254650395,lilac
1631,LARSON,2017-06-13,3,40.92130084286267,tulip
1632,HUNTER,2017-02-08,3,10.80716128940459,rose
1633,STEWART,2017-04-28,4,40.24573950050194,tulip
1634,ROBINSON,2017-05-23,5,11.134021868027988,lilac
1635,ROBINSON,2017-07-14,2,20.54580813843546,lilac
1636,ROBINSON,2017-01-15,5,20.567802618138632,lilac
1637,SCOTT,2017-04-14,3,38.658038000923696,gardenia
1638,MITCHELL,2017-03-06,5,19.525242736797093,
1639,ROBINSON,2017-06-12,5,18.35844728354661,lilac
1640,MASON,2017-03-31,4,40.31046486150069,
1641,CARLSON,2017-01-18,2,41.79719245811017,rose
1642,RIVERA,2017-09-02,5,10.563104880880175,
1643,HALE,2017-02-18,5,20.253908852510733,rose
1644,TURNER,2017-04-08,5,21.275885997752873,iris
1645,ROBINSON,2017-05-01,5,20.38718053055175,lilac
1646,JENNINGS,2017-04-24,1,9.050218058063297,tulip
1647,ROBINSON,2017-06-07,5,18.5622407244592,lilac
1648,PERKINS,2017-09-02,3,20.98348080804775,iris
1649,ROBINSON,2017-01-31,3,20.950662901804368,lilac
1650,GARZA,2017-09-04,2,38.78181295800544,daffodil
1651,HOWARD,2017-04-25,2,18.66219686483044,gardenia
1652,FULLER,2017-03-12,5,39.932714286854186,lilac
1653,RHODES,2017-06-06,4,19.626385855460647,carnation
1654,PATTERSON,2017-06-11,4,19.8757551449764,rose
1655,BURKE,2017-06-18,1,19.60131353933097,daffodil
1656,DANIELS,2017-03-05,4,11.771328684237506,rose
1657,HUDSON,2017-01-21,5,38.275876053281,gardenia
1658,BRYANT,2017-08-14,4,21.14430102086101,tulip
1659,ROBINSON,2017-05-31,5,40.3949887084901,lilac
1660,ROBINSON,2017-06-02,3,40.619153275875284,lilac
1661,FISHER,2017-05-07,4,21.516473303635536,iris
1662,BROWN,2017-08-11,5,9.291263450200523,daffodil
1663,DANIELS,2017-01-17,2,10.419990861309923,rose
1664,ROBINSON,2017-06-05,5,18.612868673083565,lilac
1665,PRICE,2017-08-23,4,40.778544799237146,daisy
1666,CRAWFORD,2017-03-21,2,11.48964372995091,carnation
1667,OLIVER,2017-05-17,5,39.171376807131075,jasmine
1668,FERGUSON,2017-01-28,5,20.432952529528507,daffodil
1669,DANIELS,2017-01-05,2,10.467958180382055,
1670,LOWE,2017-04-11,2,20.129407809640387,jasmine
1671,ROBINSON,2017-08-28,5,19.007552195551305,lilac
1672,ROBINSON,2017-01-27,5,11.550541605269627,
1673,ANDREWS,2017-06-02,2,40.57948446030989,orchid
1674,HUDSON,2017-05-17,1,39.55546359590966,gardenia
1675,MARSHALL,2017-02-19,3,19.397603657236626,
1676,ROBINSON,2017-03-18,2,12.124361480070661,lilac
1677,DANIELS,2017-04-29,1,39.13857079573335,rose
1678,ROBINSON,2017-01-11,5,19.449376105982466,lilac
1679,JACOBS,2017-06-03,2,20.69829786171427,carnation
1680,MATTHEWS,2017-08-22,5,18.72465164797649,iris
1681,BROWN,2017-01-06,3,19.092806129804963,daffodil
1682,HALE,2017-04-18,2,18.781723613431925,rose
1683,RICE,2017-01-06,2,18.87584322434961,gerbera
1684,BURKE,2017-07-08,2,20.336349832879137,daffodil
1685,HANSEN,2017-03-17,4,18.550459532901982,gerbera
1686,ROBINSON,2017-03-27,5,10.956659881612547,lilac
1687,MEDINA,2017-07-13,5,21.013251048643056,
1688,LONG,2017-01-26,5,21.068792671750952,daffodil
1689,WOODS,2017-04-23,3,39.969686057181256,sunflower
1690,SNYDER,2017-01-30,4,40.26633510198596,sunflower
1691,AUSTIN,2017-06-21,4,40.65200244494403,jasmine
1692,HOLLAND,2017-06-04,2,39.73664696730012,jasmine
1693,MORALES,2017-02-04,3,19.602953556449968,jasmine
1694,HUNTER,2017-07-27,2,38.93939274664326,rose
1695,MORRIS,2017-08-02,3,19.42360555899608,rose
1696,GRAY,2017-07-28,5,40.81683694560708,
1697,RICHARDS,2017-04-13,5,19.761158190016147,lilac
1698,ROBINSON,2017-06-03,5,20.31513853963086,lilac
1699,DANIELS,2017-06-09,4,10.773994475334536,
1700,PENA,2017-04-13,3,40.26847288264136,lilac
1701,GEORGE,2017-01-27,2,39.459243400777716,carnation
1702,RODRIQUEZ,2017-06-02,1,18.46753838765579,carnation
1703,FREEMAN,2017-03-19,2,38.697211514963506,
1704,WAGNER,2017-01-01,3,21.203064721676565,iris
1705,CALDWELL,2017-02-19,2,20.7909030924634,carnation
1706,HOLLAND,2017-01-15,4,20.787944510623905,jasmine
1707,GOMEZ,2017-07-28,3,39.239735793557365,tulip
1708,ROBINSON,2017-05-20,5,17.960486077951256,lilac
1709,MARSHALL,2017-09-02,5,9.904764762079802,carnation
1710,GIBSON,2017-04-20,2,10.540978545640826,sunflower
1711,HARRISON,2017-07-06,5,39.67556097787618,orchid
1712,CALDWELL,2017-06-10,5,10.547761413390148,carnation
1713,FOX,2017-02-26,4,12.163468308340688,gerbera
1714,CASTRO,2017-02-22,4,20.71522759730886,gardenia
1715,BENNETT,2017-05-24,4,19.51787239783859,rose
1716,PRICE,2017-08-03,2,18.608331753476573,
1717,ROBINSON,2017-07-22,5,9.623499200053306,lilac
1718,ROBINSON,2017-07-17,3,20.044922846993398,lilac
1719,PATTERSON,2017-02-15,4,19.25097776500312,rose
1720,PORTER,2017-09-03,2,10.126668501953674,orchid
1721,MENDOZA,2017-02-05,1,21.067898792110164,daisy
1722,WATTS,2017-02-13,4,19.03730247122253,gardenia
1723,ROBINSON,2017-08-21,5,11.008676549795236,lilac
1724,ROBINSON,2017-07-27,5,13.26318152142278,lilac
1725,ORTIZ,2017-01-24,4,19.561037477685822,carnation
1726,ROBINSON,2017-09-01,5,,lilac
1727,DANIELS,2017-05-09,5,39.455513642164135,rose
1728,PEREZ,2017-01-23,3,20.020962321297574,tulip
1729,JOHNSON,2017-08-18,3,20.770844391006936,daisy
1730,PALMER,2017-02-08,5,40.49688191063228,
1731,NICHOLS,2017-06-01,5,19.752407892436235,
1732,HENDERSON,2017-06-16,4,9.605376642374443,rose
1733,HUNTER,2017-01-28,4,20.13005555426125,rose
1734,TORRES,2017-05-06,4,19.639151800752245,daffodil
1735,ORTIZ,2017-01-20,4,11.926307724771693,
1736,ROBINSON,2017-04-13,5,8.642980010870781,
1737,BURKE,2017-03-05,5,20.35526632091618,daffodil
1738,WEAVER,2017-05-25,1,19.765553529469504,sunflower
1739,WHEELER,2017-06-16,5,19.168743426228808,orchid
1740,ROBINSON,2017-04-20,5,9.645967623390263,
1741,ROBINSON,2017-07-28,2,8.723766794663165,lilac
1742,FOWLER,2017-04-12,4,9.539758653527816,daisy
1743,REID,2017-04-17,5,19.042954920573415,jasmine
1744,MILES,2017-05-28,2,10.470125224387713,daisy
1745,JACOBS,2017-08-21,4,20.195840578123452,carnation
1746,DUNN,2017-09-03,4,39.19578359864021,daffodil
1747,JIMENEZ,2017-06-15,5,40.766663991443,
1748,DANIELS,2017-05-13,3,9.814681655219491,rose
1749,ROBINSON,2017-07-29,5,18.66850732475969,lilac
1750,ELLIS,2017-07-14,4,10.099133989422626,daisy
1751,ROBINSON,2017-04-22,5,8.895752270928368,lilac
1752,ROBINSON,2017-05-12,5,38.68490069145185,lilac
1753,DANIELS,2017-01-27,2,19.837665263486432,rose
1754,MARSHALL,2017-07-01,5,41.09381377040543,carnation
1755,ROBINSON,2017-05-14,4,38.823327029194495,
1756,HERNANDEZ,2017-02-03,3,19.234047486363014,gardenia
1757,GONZALES,2017-02-06,4,40.230032821167605,lilac
1758,JACOBS,2017-02-11,5,39.800514040718134,carnation
1759,CRUZ,2017-06-06,3,20.07286570538683,lilac
1760,GRIFFIN,2017-02-16,4,41.309361465757824,
1761,CUNNINGHAM,2017-01-26,2,41.35979220152915,daisy
1762,MCKINNEY,2017-01-23,4,19.80395396585677,gardenia
1763,WOOD,2017-03-26,3,11.598584506329045,sunflower
1764,HOLT,2017-06-01,1,19.656885483754934,gerbera
1765,ROBINSON,2017-05-21,4,39.20183165119732,lilac
1766,BURNS,2017-07-25,5,39.7035727540031,tulip
1767,ROBINSON,2017-04-22,3,19.84126812776596,
1768,HUNTER,2017-01-28,2,40.40837589010492,rose
1769,ROBINSON,2017-05-05,3,19.728401824262274,lilac
1770,HAYES,2017-06-09,5,20.154059556558487,
1771,THOMPSON,2017-02-06,3,40.14954649514043,
1772,DANIELS,2017-01-30,2,21.05784391238136,rose
1773,ROBINSON,2017-07-30,4,41.329940018952044,lilac
1774,BANKS,2017-08-31,4,40.526796783997966,orchid
1775,ROBINSON,2017-08-13,5,40.529661253096265,lilac
1776,MASON,2017-02-12,2,10.632166233095619,tulip
1777,FRANKLIN,2017-07-16,4,9.497225264136636,daffodil
1778,WAGNER,2017-01-09,5,9.918586514472393,iris
1779,PATTERSON,2017-06-30,3,38.93133469745953,rose
1780,CARPENTER,2017-07-27,3,8.989712370531672,sunflower
1781,ANDERSON,2017-01-26,2,19.238752863749248,daisy
1782,BROOKS,2017-05-06,3,9.070769650884062,rose
1783,BROOKS,2017-06-07,3,18.27932055124614,rose
1784,BENNETT,2017-08-28,5,20.409557512216264,rose
1785,GARDNER,2017-04-05,1,9.569352854118303,gardenia
1786,RODRIQUEZ,2017-04-22,4,20.745290435523664,carnation
1787,BURKE,2017-02-08,5,18.725000186335983,daffodil
1788,JACOBS,2017-08-13,4,19.40083006137294,carnation
1789,VARGAS,2017-05-17,2,20.0764594461562,sunflower
1790,HARRISON,2017-04-20,2,21.066854454033503,
1791,BURKE,2017-07-07,4,21.11950431103059,daffodil
1792,REID,2017-03-26,5,,jasmine
1793,WOODS,2017-05-18,4,39.449705696882894,sunflower
1794,SCHMIDT,2017-02-12,5,42.391020502446274,rose
1795,MILLS,2017-03-06,3,19.219968121746227,rose
1796,STEWART,2017-07-27,4,40.977308965766895,
1797,OLIVER,2017-06-16,5,18.474044392983114,jasmine
1798,SUTTON,2017-04-27,4,21.453191380527254,jasmine
1799,COOPER,2017-04-16,2,19.375858105271014,
1800,HOLLAND,2017-02-08,2,21.52283978547493,jasmine
1801,ROBINSON,2017-05-04,3,19.96205378751313,lilac
1802,CARROLL,2017-04-17,5,9.408722059409042,tulip
1803,CRAWFORD,2017-06-15,4,20.50039977059372,carnation
1804,FERGUSON,2017-02-15,5,20.37561754075454,daffodil
1805,DANIELS,2017-08-07,5,19.888509538618557,rose
1806,GORDON,2017-06-02,3,11.097624408505583,rose
1807,ALEXANDER,2017-04-25,4,40.04288863034625,sunflower
1808,BENNETT,2017-03-11,3,38.81635091723313,
1809,SOTO,2017-01-22,2,20.853619661940893,lilac
1810,REYNOLDS,2017-04-07,5,39.599992622245935,
1811,CARROLL,2017-07-15,2,39.445053042380536,tulip
1812,DUNN,2017-08-06,5,41.54975558661798,daffodil
1813,HENRY,2017-08-29,4,8.464866444002197,iris
1814,JACOBS,2017-06-21,5,39.8085451012016,carnation
1815,JACOBS,2017-08-10,4,40.103362826402105,carnation
1816,MCCOY,2017-01-10,2,20.380240978976826,sunflower
1817,ROBINSON,2017-08-21,5,22.092277419590157,lilac
1818,HART,2017-04-15,4,41.555282777847225,gardenia
1819,PHILLIPS,2017-03-07,1,8.942372266081932,daffodil
1820,VASQUEZ,2017-08-16,5,11.375816507815108,gardenia
1821,HALL,2017-04-03,1,,daffodil
1822,RILEY,2017-04-06,5,21.097481396697482,orchid
1823,LANE,2017-01-27,5,21.012959659135454,gerbera
1824,ROBINSON,2017-04-29,5,19.134178241295587,lilac
1825,ROBINSON,2017-07-14,5,40.19376901046917,lilac
1826,ARNOLD,2017-06-15,2,9.895045766418,gerbera
1827,COOPER,2017-03-30,3,41.61504572836657,lilac
1828,BROOKS,2017-07-31,3,10.817615550821653,rose
1829,ROBINSON,2017-06-27,5,8.562718251949988,lilac
1830,DAVIS,2017-05-28,4,9.13571341402974,rose
1831,PERKINS,2017-05-09,3,38.553346230039395,iris
1832,JOHNSTON,2017-02-16,5,41.22992211723167,orchid
1833,RICHARDS,2017-04-26,2,20.228034788499087,lilac
1834,ROBINSON,2017-03-31,5,39.47485750760097,lilac
1835,PETERS,2017-04-13,4,41.5918969180501,orchid
1836,ORTIZ,2017-08-20,3,18.74994987030621,carnation
1837,MEDINA,2017-04-13,3,20.678795731356786,
1838,CARTER,2017-01-17,3,20.971018470505108,jasmine
1839,ROBINSON,2017-05-22,3,19.842899871134946,lilac
1840,FOX,2017-05-06,3,39.81967443544397,gerbera
1841,CALDWELL,2017-08-26,4,41.40261083792471,carnation
1842,CAMPBELL,2017-07-31,4,40.62565236668826,sunflower
1843,OLIVER,2017-04-22,1,40.0522956897804,jasmine
1844,MARTINEZ,2017-01-20,3,10.330867731776909,gardenia
1845,JACOBS,2017-04-29,2,9.011652327345224,
1846,CHAVEZ,2017-07-23,1,11.936970125033513,
1847,MURPHY,2017-02-07,4,19.85892445990084,
1848,CALDWELL,2017-05-11,5,18.999832251596548,carnation
1849,ADAMS,2017-04-06,1,38.168774468021326,orchid
1850,WILLIS,2017-06-24,1,40.03416164948844,tulip
1851,ROBINSON,2017-07-06,5,9.929692332057037,
1852,LYNCH,2017-03-04,1,40.852569188121706,
1853,JENKINS,2017-07-26,5,40.66993545926489,carnation
1854,HORTON,2017-08-15,4,20.87756715782629,tulip
1855,MORALES,2017-05-22,3,22.50786890735601,
1856,CARTER,2017-05-16,2,39.7166143379069,jasmine
1857,CARTER,2017-03-07,4,17.786382319913606,jasmine
1858,BROOKS,2017-08-26,4,20.342004748176826,rose
1859,SIMMONS,2017-07-12,2,20.34113168228168,
1860,HILL,2017-06-19,3,19.86838244847048,daffodil
1861,BOYD,2017-05-24,5,20.5289554441759,lilac
1862,CALDWELL,2017-07-09,5,11.791313105652318,carnation
1863,ROBINSON,2017-02-09,3,9.77133181995649,lilac
1864,RODRIQUEZ,2017-04-10,4,20.46521418331669,
1865,CARROLL,2017-03-11,3,40.31725486125164,
1866,GEORGE,2017-06-30,4,40.12790823169596,carnation
1867,THOMAS,2017-02-21,4,20.385228443931926,rose
1868,BENNETT,2017-08-17,3,38.568973003397716,
1869,DANIELS,2017-01-11,3,39.42281586055788,
1870,WATKINS,2017-07-30,4,19.404749591432516,sunflower
1871,TURNER,2017-06-07,1,20.352756665171928,iris
1872,BROWN,2017-02-20,5,19.221151509061727,daffodil
1873,ORTIZ,2017-05-08,3,20.109926026891774,carnation
1874,ROBINSON,2017-02-02,5,19.27580395566407,lilac
1875,FIELDS,2017-07-16,4,39.096364086891896,lilac
1876,MILLS,2017-08-08,4,40.32115637537617,rose
1877,KENNEDY,2017-04-20,1,40.95199412204987,gerbera
1878,GEORGE,2017-04-04,5,21.406683121424926,carnation
1879,ROBINSON,2017-05-30,5,11.284013640099989,lilac
1880,ROBINSON,2017-03-24,5,20.944070687644814,
1881,ROBINSON,2017-04-14,5,9.119829336500043,
1882,MILES,2017-08-07,3,39.844978615176245,daisy
1883,KELLEY,2017-02-05,2,21.50709415123278,daffodil
1884,ROBINSON,2017-07-22,2,9.831012341201577,lilac
1885,DANIELS,2017-01-10,1,40.906472281096356,rose
1886,ORTIZ,2017-04-05,4,39.522170642965605,
1887,CASTRO,2017-04-25,2,22.05551046294401,gardenia
1888,ROBINSON,2017-05-09,4,20.645287348245045,
1889,TURNER,2017-07-03,3,9.213122540103619,iris
1890,ROBINSON,2017-08-03,5,37.594192589335044,lilac
1891,ROBINSON,2017-07-06,5,9.1587877293842,lilac
1892,STEWART,2017-06-25,4,8.415699072798404,
1893,WOODS,2017-04-28,3,9.959633292744043,sunflower
1894,RAMOS,2017-04-21,5,20.476500313332267,orchid
1895,ROBINSON,2017-06-19,4,21.127727668490373,lilac
1896,GILBERT,2017-02-03,4,19.800540715824013,tulip
1897,MITCHELL,2017-03-14,3,38.02301399048221,
1898,ROBINSON,2017-04-05,5,18.907793087453133,
1899,HILL,2017-02-22,5,19.541489046423813,daffodil
1900,ROBINSON,2017-07-25,2,19.17132486633215,lilac
1901,JACOBS,2017-05-12,1,17.517154304501137,carnation
1902,BREWER,2017-01-20,3,10.347448760387376,carnation
1903,GUTIERREZ,2017-07-31,4,18.216374594331594,gerbera
1904,FORD,2017-08-13,5,9.079387287148073,carnation
1905,DEAN,2017-08-09,2,10.411476799105056,daffodil
1906,BELL,2017-07-29,5,20.179408461654283,gardenia
1907,GORDON,2017-05-07,5,10.932012733652728,rose
1908,FIELDS,2017-08-07,2,19.68092943188313,lilac
1909,MORRIS,2017-02-08,3,19.60634579996645,rose
1910,FREEMAN,2017-06-30,3,17.666528893591625,gerbera
1911,DAVIDSON,2017-04-07,5,10.869174747254878,sunflower
1912,GARZA,2017-05-30,4,42.4384924081324,daffodil
1913,ROBINSON,2017-02-17,5,20.15215371192237,lilac
1914,BURKE,2017-01-04,4,22.570804240011665,daffodil
1915,BENNETT,2017-07-03,4,9.907309751191994,
1916,GIBSON,2017-04-17,3,9.855447962064236,sunflower
1917,TORRES,2017-03-05,1,19.94021136869384,daffodil
1918,HARVEY,2017-07-23,1,20.55138633168356,tulip
1919,ROBINSON,2017-06-23,5,20.343207104080665,lilac
1920,RICHARDSON,2017-05-22,4,19.02319724993309,jasmine
1921,BRYANT,2017-06-10,3,39.81985502023756,tulip
1922,LYNCH,2017-06-03,1,38.49217641979568,daisy
1923,HOFFMAN,2017-06-06,2,21.260222939525885,sunflower
1924,RODRIGUEZ,2017-01-31,2,41.076332989820145,lilac
1925,HAWKINS,2017-03-06,5,20.055466276117343,lilac
1926,CARROLL,2017-06-20,5,18.906563474805647,tulip
1927,FORD,2017-03-09,5,19.592450143219907,carnation
1928,DANIELS,2017-08-14,4,20.229156443408364,rose
1929,ROBINSON,2017-07-20,4,38.23341596221634,lilac
1930,PEARSON,2017-07-27,5,19.96223906115599,jasmine
1931,ROBINSON,2017-06-01,5,38.20817221326853,lilac
1932,ROBINSON,2017-06-15,5,12.384366497299002,lilac
1933,DANIELS,2017-03-22,4,39.874461191780206,rose
1934,THOMPSON,2017-02-04,5,19.60579132120144,tulip
1935,ROBINSON,2017-08-17,5,19.90042549141404,lilac
1936,CARTER,2017-03-16,4,18.934328896854574,jasmine
1937,SIMS,2017-02-04,5,11.122303559950225,orchid
1938,KING,2017-01-13,3,19.09450578081034,rose
1939,DANIELS,2017-04-01,3,19.284265730230025,rose
1940,ROBINSON,2017-03-25,1,19.10241774077707,lilac
1941,HARRISON,2017-05-03,4,40.39318714689315,orchid
1942,ROBINSON,2017-07-11,5,18.840577745831663,lilac
1943,SULLIVAN,2017-05-07,2,18.953857571629538,
1944,DANIELS,2017-03-20,3,10.656884403162083,rose
1945,PORTER,2017-02-20,3,20.50950152749321,orchid
1946,ROBINSON,2017-04-27,5,11.881438751573794,lilac
1947,FOWLER,2017-07-08,4,40.90064971255902,daisy
1948,ROBINSON,2017-02-18,5,19.192882808262397,lilac
1949,MARSHALL,2017-08-01,4,20.044315213513052,carnation
1950,ROBINSON,2017-03-21,5,37.77607159120435,lilac
1951,WEST,2017-06-29,4,20.67512551800879,
1952,ROBINSON,2017-03-13,5,12.585851703727851,lilac
1953,DANIELS,2017-04-23,2,21.18621728902396,rose
1954,COOPER,2017-02-23,3,40.432533076479935,lilac
1955,WATSON,2017-05-12,2,39.12517049330079,iris
1956,GRAVES,2017-03-06,3,9.662409127048587,
1957,MEDINA,2017-05-27,3,40.695351531883404,daffodil
1958,ROBINSON,2017-03-14,3,11.077891864027347,lilac
1959,LYNCH,2017-05-19,2,40.33327101435414,daisy
1960,RICHARDS,2017-06-23,3,19.76766149226172,lilac
1961,SULLIVAN,2017-09-01,4,19.389959477687434,daffodil
1962,HARPER,2017-01-28,2,12.062236993098367,tulip
1963,ROBINSON,2017-04-18,5,19.621981304469585,lilac
1964,MORALES,2017-08-21,3,21.975606017121812,jasmine
1965,CALDWELL,2017-05-09,4,20.246235399422353,
1966,ANDREWS,2017-08-03,1,38.76989168162747,
1967,LAWRENCE,2017-06-30,4,19.336133237443434,daffodil
1968,OLIVER,2017-03-17,3,18.619660011331593,jasmine
1969,ROBINSON,2017-05-11,5,19.626536463788877,lilac
1970,THOMPSON,2017-02-14,2,20.38943184223885,tulip
1971,HORTON,2017-04-06,3,20.01432831041401,tulip
1972,BURKE,2017-06-27,3,40.59433625805717,daffodil
1973,DIXON,2017-08-04,5,19.80677700746664,gerbera
1974,DUNN,2017-08-27,5,,daffodil
1975,HUDSON,2017-03-15,3,18.73021968385304,gardenia
1976,ROBINSON,2017-02-17,5,9.951787085469396,lilac
1977,BURKE,2017-05-14,5,40.04820617697673,daffodil
1978,DIXON,2017-04-11,2,,
1979,HUNTER,2017-04-04,3,18.906390494610573,rose
1980,ARNOLD,2017-02-02,3,19.194089637926368,gerbera
1981,FULLER,2017-07-20,4,19.936230790758934,lilac
1982,JOHNSTON,2017-04-28,5,21.069939015345554,orchid
1983,CHAMBERS,2017-04-04,2,19.785218862908245,gerbera
1984,DUNCAN,2017-06-13,5,41.071674174874495,daffodil
1985,CAMPBELL,2017-05-12,5,8.895944327034055,sunflower
1986,FORD,2017-05-12,5,9.843700496225788,
1987,ROBINSON,2017-02-18,5,10.505496169015274,lilac
1988,ROBINSON,2017-04-17,3,37.985508694726406,lilac
1989,HENRY,2017-07-23,5,19.396951814169483,iris
1990,ROBINSON,2017-07-04,2,21.52011673447048,lilac
1991,ROBINSON,2017-05-28,2,19.509139453227643,
1992,FOSTER,2017-01-07,1,41.369445678085505,daffodil
1993,ROBINSON,2017-09-03,5,9.978087811908964,lilac
1994,JAMES,2017-03-29,4,10.123750909091447,
1995,JOHNSTON,2017-05-13,4,10.306364207445409,orchid
1996,CRUZ,2017-05-28,2,11.596361222221107,lilac
1997,RAMOS,2017-08-11,3,20.227197700305585,orchid
1998,RAMOS,2017-03-04,1,19.437730644632413,
1999,ROBINSON,2017-01-03,2,40.52624246246198,lilac
1010,FERGUSON,2017-05-04,2,21.018300051245614,daffodil
